criterion,logistic_regression,linear_svm,decision_tree,random_forest,isolation_forest,deterministic_baseline
Task Applicability,Tasks 2 & 3 (Supervised Classification),Tasks 2 & 3 (Supervised Classification),Tasks 2 & 3 (Supervised Classification),Tasks 2 & 3 (Supervised Classification & Hybrid),Task 5 Only (Unsupervised Outlier Detection),Rule 4 & 5 (Rule Engine Baseline)
Predictive Performance (Task 3 OOF),"90.24% Targeted (0.9006 Macro-F1), 87.64% Acc","90.24% Targeted (0.9006 Macro-F1), 86.52% Acc","90.24% Targeted (0.9006 Macro-F1), 86.52% Acc","90.24% Targeted (0.9006 Macro-F1), 85.39% Acc","96.77% Targeted Outliers, 70.15% Acc Outliers",60.98% Definitive (39.02% UNKNOWN)
Stability across Folds (Std Dev),"Moderate (std = 0.093 on Targeted, 0.054 on Acc)","Moderate (std = 0.093 on Targeted, 0.058 on Acc)","Moderate (std = 0.093 on Targeted, 0.058 on Acc)","Moderate (std = 0.093 on Targeted, 0.060 on Acc)",Deterministic (single-fit inlier envelope),Zero Variance (Deterministic Logic)
Interpretability & Auditability,High (Linear weights + Odds Ratios),"Moderate (Hyperplane weights, uncalibrated margin)",Highest (Exact human-readable conditional tree),Low (Black-box ensemble of 50 trees),Low (Path length average across 100 trees),Absolute (Explicit if/else Kotlin rules)
Production Feature Compatibility,100% Compatible with PRODUCTION_T0,100% Compatible with PRODUCTION_T0,100% Compatible with PRODUCTION_T0,100% Compatible with PRODUCTION_T0,100% Compatible with PRODUCTION_T0,100% Compatible (Phase 2 Evaluator)
Computational & Memory Overhead,"Minimal (<100 parameters, dot-product inference)","Minimal (<100 weights, dot-product inference)","Very Low (Single tree, depth <= 5, simple branching)","Moderate (50 trees, tree traversal memory overhead)","Moderate (100 trees, tree traversal memory overhead)",Zero (<10 CPU instructions in Kotlin)
Security Error Risks (False Legitimate),0.0% False Legitimate on Targeted Cohort,0.0% False Legitimate on Targeted Cohort,0.0% False Legitimate on Targeted Cohort,0.0% False Legitimate on Targeted Cohort,6.25% Outlier Miss Rate on Targeted Cohort,0.0% False Legitimate (Defaults to UNKNOWN)
Sensitivity to Historical Data Noise,Low (Smooth linear regularization),Low (Margin maximization dampens outliers),Moderate (Step thresholds sensitive to small timing shifts),Low (Bootstrap bagging smooths noise),High (Inlier noise broadens normal envelope),Zero (Strict threshold rules)
Android-side Deployment Suitability,"Trivial (Few lines of math in Kotlin, no ONNX needed)","Trivial (Dot product in Kotlin, no ONNX needed)",Trivial (Translatable directly to Kotlin if/else statements),Requires ONNX Runtime or serialized tree traversal,Requires ONNX Runtime or serialized tree traversal,Native (Already deployed in :app)
